FlightID,DepartureDelay,ArrivalDelay,CustomerSatisfaction,FlightDuration,Airline,Destination,FlightDate
1,39,65,3,238,Airline B,City X,2024-06-18
2,8,46,3,384,Airline D,City X,2024-11-02
3,47,12,3,240,Airline A,City Z,2024-07-22
4,91,0,4,221,Airline B,City Z,2024-02-25
5,3,37,5,73,Airline D,City W,2024-07-26
6,3,25,5,58,Airline D,City W,2024-02-10
7,93,45,2,88,Airline A,City Z,2024-02-01
8,53,35,5,100,Airline B,City Y,2024-01-15
9,0,51,5,121,Airline C,City W,2024-03-02
10,42,0,3,294,Airline C,City Z,2024-06-03
11,0,62,3,412,Airline B,City W,2024-10-10
12,0,17,2,249,Airline D,City Z,2024-07-27
13,27,93,1,419,Airline D,City X,2024-11-15
14,0,0,2,442,Airline C,City Z,2024-07-05
15,0,79,2,471,Airline C,City X,2024-05-09
16,0,17,4,430,Airline C,City W,2024-05-06
17,0,0,4,429,Airline A,City Z,2024-10-18
18,30,0,2,244,Airline C,City W,2024-04-23
19,0,0,2,416,Airline A,City X,2024-07-17
20,0,26,2,306,Airline B,City Z,2024-01-13
21,88,30,5,93,Airline D,City W,2024-09-27
22,3,0,4,375,Airline C,City X,2024-03-29
23,18,9,2,321,Airline D,City W,2024-08-02
24,0,95,3,274,Airline D,City Y,2024-10-04
25,0,79,3,499,Airline C,City X,2024-07-21
26,20,27,5,91,Airline C,City X,2024-03-14
27,0,11,5,455,Airline B,City X,2024-01-25
28,33,14,1,361,Airline A,City Z,2024-04-10
29,0,34,1,199,Airline A,City Z,2024-06-24
30,0,0,1,474,Airline D,City Z,2024-04-26
31,0,0,5,298,Airline C,City Y,2024-06-14
32,107,0,5,296,Airline B,City Y,2024-02-10
33,14,25,5,83,Airline B,City X,2024-12-09
34,0,35,3,45,Airline B,City Y,2024-04-29
35,56,0,5,37,Airline B,City W,2024-04-06
36,0,72,3,133,Airline B,City X,2024-05-24
37,25,0,1,88,Airline A,City X,2024-08-03
38,0,0,1,342,Airline A,City W,2024-08-16
39,0,18,1,69,Airline A,City X,2024-11-08
40,24,51,2,266,Airline C,City Y,2024-05-09
41,51,77,2,472,Airline D,City Z,2024-12-17
42,23,0,4,415,Airline B,City W,2024-11-13
43,9,53,4,123,Airline C,City Y,2024-05-16
44,0,8,4,251,Airline B,City W,2024-11-19
45,0,3,2,233,Airline A,City W,2024-12-02
46,0,45,2,167,Airline C,City X,2024-09-29
47,0,36,4,329,Airline A,City X,2024-04-26
48,67,0,4,424,Airline B,City Y,2024-11-01
49,32,69,5,236,Airline B,City W,2024-04-03
50,0,65,4,365,Airline D,City X,2024-06-16
51,31,0,5,110,Airline B,City X,2024-07-21
52,0,25,3,247,Airline A,City W,2024-12-06
53,0,29,2,31,Airline B,City Y,2024-05-28
54,45,20,4,207,Airline D,City Y,2024-07-01
55,66,0,2,425,Airline D,City W,2024-05-31
56,61,0,2,400,Airline A,City Y,2024-03-14
57,0,8,2,375,Airline C,City X,2024-12-30
58,0,56,3,308,Airline B,City W,2024-09-30
59,31,31,1,175,Airline D,City X,2024-02-11
60,63,0,4,347,Airline B,City Z,2024-07-30
61,0,40,1,253,Airline B,City Z,2024-04-10
62,5,0,1,398,Airline C,City Y,2024-02-14
63,0,55,1,413,Airline D,City Z,2024-03-22
64,0,0,2,91,Airline B,City X,2024-01-17
65,55,0,5,323,Airline D,City Z,2024-03-13
66,82,0,2,268,Airline A,City X,2024-01-14
67,11,0,2,224,Airline A,City Y,2024-06-05
68,65,56,1,195,Airline B,City Y,2024-08-10
69,33,0,2,480,Airline D,City X,2024-05-11
70,0,23,1,251,Airline B,City Z,2024-12-03
71,33,8,5,90,Airline D,City Y,2024-02-16
72,91,29,4,158,Airline D,City W,2024-04-16
73,13,13,1,202,Airline C,City Y,2024-04-17
74,93,0,5,185,Airline C,City Z,2024-09-21
75,0,49,4,434,Airline C,City W,2024-07-23
76,56,0,3,407,Airline B,City Z,2024-03-19
77,19,0,1,139,Airline C,City X,2024-06-03
78,0,0,1,298,Airline C,City W,2024-09-27
79,19,70,3,440,Airline A,City Z,2024-09-03
80,0,44,3,385,Airline D,City W,2024-01-19
81,4,0,1,420,Airline D,City Z,2024-12-11
82,32,0,3,307,Airline C,City W,2024-01-26
83,88,0,2,103,Airline D,City Z,2024-08-04
84,0,93,4,466,Airline A,City X,2024-06-02
85,0,25,4,492,Airline A,City W,2024-06-02
86,0,27,4,236,Airline C,City W,2024-06-22
87,60,51,2,417,Airline A,City W,2024-04-01
88,31,19,3,308,Airline D,City W,2024-12-03
89,0,0,5,404,Airline B,City X,2024-06-29
90,40,2,3,355,Airline D,City W,2024-05-10
91,19,7,1,369,Airline B,City Y,2024-10-24
92,63,8,4,386,Airline C,City X,2024-10-01
93,0,39,3,369,Airline B,City Y,2024-09-29
94,0,12,5,233,Airline A,City W,2024-03-16
95,0,39,1,190,Airline D,City Z,2024-06-25
96,0,6,2,57,Airline B,City Y,2024-07-02
97,29,13,2,421,Airline D,City W,2024-11-14
98,28,0,5,286,Airline C,City Y,2024-05-10
99,15,46,1,194,Airline C,City W,2024-12-28
100,3,23,4,92,Airline A,City W,2024-02-18
101,0,49,3,51,Airline C,City W,2024-02-24
102,0,0,1,99,Airline B,City Z,2024-06-02
103,0,93,2,410,Airline C,City Y,2024-12-20
104,0,4,5,434,Airline A,City X,2024-07-18
105,6,54,5,125,Airline D,City X,2024-11-03
106,35,0,3,192,Airline D,City X,2024-12-21
107,109,34,5,108,Airline C,City X,2024-04-27
108,23,0,5,34,Airline B,City W,2024-09-19
109,27,0,1,345,Airline A,City Y,2024-02-15
110,11,86,4,149,Airline B,City Y,2024-10-28
111,0,2,3,331,Airline A,City Z,2024-12-21
112,13,18,1,207,Airline C,City Y,2024-07-07
113,18,44,4,205,Airline A,City Y,2024-11-05
114,138,29,1,419,Airline A,City Y,2024-11-13
115,5,16,1,246,Airline C,City Z,2024-05-08
116,30,24,5,85,Airline B,City X,2024-02-18
117,13,106,4,395,Airline C,City Y,2024-01-25
118,0,7,3,216,Airline A,City Z,2024-09-22
119,72,18,3,261,Airline C,City Z,2024-04-27
120,52,52,4,284,Airline A,City W,2024-05-23
121,54,54,5,442,Airline C,City Z,2024-07-18
122,0,57,2,484,Airline D,City X,2024-06-05
123,85,35,1,133,Airline D,City Y,2024-12-13
124,0,0,5,106,Airline C,City Z,2024-05-13
125,44,75,4,259,Airline B,City X,2024-05-27
126,124,0,1,431,Airline A,City Z,2024-12-01
127,0,22,3,287,Airline D,City Z,2024-03-11
128,0,0,2,293,Airline B,City Z,2024-08-20
129,19,7,3,360,Airline A,City Z,2024-11-29
130,0,23,4,211,Airline D,City Z,2024-10-25
131,0,22,1,410,Airline D,City X,2024-06-02
132,18,26,4,285,Airline C,City Y,2024-03-30
133,0,74,1,67,Airline A,City Y,2024-11-29
134,38,28,5,205,Airline B,City Y,2024-07-17
135,0,0,2,56,Airline B,City Y,2024-06-09
136,92,48,5,305,Airline B,City X,2024-01-26
137,0,57,5,169,Airline A,City W,2024-04-30
138,0,0,4,328,Airline B,City W,2024-10-27
139,55,33,2,474,Airline B,City X,2024-07-30
140,0,38,1,316,Airline B,City X,2024-03-03
141,26,0,1,120,Airline C,City Z,2024-03-08
142,80,65,3,90,Airline C,City Z,2024-09-09
143,0,3,1,487,Airline A,City Z,2024-01-02
144,24,15,4,480,Airline A,City Y,2024-04-17
145,27,3,5,394,Airline B,City Z,2024-10-12
146,54,10,5,376,Airline C,City W,2024-02-18
147,0,0,5,192,Airline D,City Y,2024-05-19
148,0,0,2,380,Airline D,City Z,2024-08-05
149,41,73,1,172,Airline B,City Y,2024-02-13
150,29,0,4,429,Airline B,City W,2024-09-25
151,27,0,2,282,Airline C,City Z,2024-03-18
152,32,0,3,298,Airline C,City W,2024-08-03
153,0,0,4,398,Airline C,City W,2024-04-07
154,26,0,4,320,Airline A,City W,2024-08-23
155,29,75,4,488,Airline A,City Z,2024-10-08
156,0,50,5,216,Airline B,City X,2024-05-28
157,108,0,4,434,Airline A,City Z,2024-10-30
158,38,100,1,467,Airline C,City W,2024-03-06
159,0,49,4,488,Airline C,City Z,2024-08-21
160,47,0,5,443,Airline A,City W,2024-03-27
161,0,0,4,333,Airline D,City X,2024-03-19
162,54,101,3,320,Airline B,City Y,2024-07-23
163,72,0,3,115,Airline D,City X,2024-10-05
164,0,0,5,195,Airline B,City X,2024-12-02
165,63,50,1,444,Airline D,City Y,2024-09-10
166,35,107,1,491,Airline A,City Z,2024-10-30
167,56,65,2,437,Airline B,City Y,2024-05-09
168,109,32,5,143,Airline B,City Z,2024-03-24
169,2,33,4,462,Airline B,City Z,2024-10-02
170,0,44,5,385,Airline C,City W,2024-07-05
171,0,40,2,445,Airline C,City W,2024-02-15
172,0,21,5,212,Airline D,City Y,2024-07-01
173,11,14,5,236,Airline A,City X,2024-09-24
174,32,7,2,285,Airline C,City Y,2024-10-22
175,28,0,1,264,Airline B,City Z,2024-11-17
176,56,0,4,471,Airline C,City W,2024-04-09
177,15,0,2,384,Airline A,City Y,2024-03-18
178,87,6,3,32,Airline C,City Y,2024-09-28
179,1,0,1,237,Airline B,City W,2024-12-04
180,151,0,3,226,Airline D,City W,2024-06-10
181,46,17,1,370,Airline B,City W,2024-02-13
182,0,65,4,154,Airline A,City Z,2024-08-25
183,0,46,4,167,Airline D,City W,2024-05-13
184,39,0,5,368,Airline C,City X,2024-07-10
185,3,0,3,54,Airline C,City Y,2024-12-21
186,50,47,1,97,Airline C,City W,2024-10-04
187,38,0,4,90,Airline D,City W,2024-01-18
188,11,1,2,58,Airline B,City Z,2024-01-12
189,0,32,4,412,Airline D,City Z,2024-06-28
190,0,0,2,48,Airline D,City Y,2024-05-02
191,0,14,1,200,Airline A,City X,2024-09-02
192,57,0,4,479,Airline D,City Y,2024-08-09
193,25,0,4,103,Airline C,City W,2024-02-20
194,0,22,1,90,Airline B,City X,2024-03-11
195,23,0,4,456,Airline B,City X,2024-02-17
196,34,27,2,182,Airline B,City X,2024-01-19
197,0,9,4,305,Airline C,City X,2024-09-18
198,22,32,3,77,Airline C,City Y,2024-03-24
199,17,18,5,240,Airline C,City Z,2024-06-03
200,0,64,2,372,Airline C,City Z,2024-02-22
201,32,15,3,437,Airline C,City W,2024-04-16
202,43,0,1,168,Airline D,City Z,2024-12-22
203,69,14,2,139,Airline C,City Z,2024-10-30
204,67,31,5,212,Airline C,City Z,2024-05-14
205,0,11,5,57,Airline C,City Z,2024-03-09
206,0,11,1,226,Airline C,City W,2024-01-11
207,40,0,1,220,Airline B,City Y,2024-05-22
208,40,0,2,344,Airline C,City X,2024-07-10
209,40,0,4,418,Airline D,City Z,2024-03-09
210,207,79,1,80,Airline D,City Y,2024-01-23
211,43,0,4,178,Airline D,City Z,2024-06-29
212,71,0,3,297,Airline A,City Z,2024-10-19
213,62,0,5,79,Airline B,City X,2024-01-09
214,47,45,4,417,Airline C,City X,2024-09-27
215,0,0,5,275,Airline A,City X,2024-04-02
216,52,59,4,142,Airline C,City Z,2024-01-17
217,0,0,3,199,Airline A,City Z,2024-06-02
218,3,21,1,497,Airline A,City Z,2024-11-23
219,0,0,3,195,Airline D,City X,2024-05-28
220,19,95,1,438,Airline D,City W,2024-09-23
221,130,0,1,43,Airline A,City Y,2024-11-23
222,0,22,5,232,Airline D,City W,2024-04-15
223,49,35,3,317,Airline A,City Z,2024-02-04
224,0,26,4,424,Airline B,City Z,2024-04-28
225,0,2,3,218,Airline D,City W,2024-01-14
226,69,4,5,431,Airline D,City Z,2024-01-14
227,18,11,1,184,Airline D,City Y,2024-09-22
228,0,4,5,84,Airline B,City Z,2024-05-19
229,0,48,2,211,Airline A,City Y,2024-10-20
230,48,98,2,239,Airline C,City W,2024-12-29
231,0,0,4,405,Airline D,City W,2024-04-28
232,25,0,5,104,Airline A,City Z,2024-08-25
233,17,6,4,306,Airline B,City Y,2024-02-03
234,0,113,4,457,Airline C,City Z,2024-06-17
235,122,0,2,162,Airline D,City X,2024-01-10
236,46,75,4,372,Airline B,City X,2024-05-01
237,0,77,2,454,Airline B,City X,2024-05-24
238,24,0,1,88,Airline C,City X,2024-08-10
239,0,32,5,374,Airline A,City Z,2024-09-13
240,57,75,4,211,Airline D,City X,2024-09-24
241,0,0,2,487,Airline D,City Y,2024-12-24
242,9,1,3,435,Airline A,City W,2024-01-04
243,40,0,4,368,Airline A,City W,2024-12-19
244,58,0,1,350,Airline A,City X,2024-04-15
245,0,0,1,93,Airline C,City X,2024-03-25
246,0,0,3,356,Airline C,City X,2024-08-01
247,0,11,2,289,Airline D,City Z,2024-04-30
248,0,0,4,222,Airline C,City W,2024-05-11
249,103,19,2,172,Airline B,City X,2024-12-03
250,35,0,1,133,Airline D,City Y,2024-07-15
251,0,23,2,489,Airline C,City X,2024-01-19
252,60,43,1,435,Airline A,City W,2024-05-09
253,121,0,2,243,Airline B,City X,2024-01-12
254,66,24,3,271,Airline A,City W,2024-03-21
255,0,59,5,460,Airline D,City X,2024-11-25
256,0,0,3,238,Airline A,City Y,2024-12-19
257,78,76,3,122,Airline C,City X,2024-09-18
258,0,26,5,459,Airline C,City Y,2024-05-04
259,37,0,5,171,Airline D,City Y,2024-11-02
260,53,7,4,463,Airline A,City X,2024-09-23
261,0,32,4,433,Airline D,City Y,2024-05-19
262,12,13,3,463,Airline A,City Z,2024-11-24
263,0,31,3,141,Airline B,City X,2024-01-02
264,0,0,1,446,Airline C,City X,2024-01-08
265,2,16,1,404,Airline D,City Y,2024-09-06
266,0,0,4,88,Airline B,City Y,2024-05-18
267,96,5,4,72,Airline B,City X,2024-05-03
268,0,0,1,236,Airline D,City Z,2024-11-04
269,0,0,1,297,Airline D,City Y,2024-08-15
270,21,59,2,325,Airline B,City Y,2024-01-10
271,87,53,2,147,Airline A,City W,2024-07-30
272,0,34,1,49,Airline B,City Z,2024-04-21
273,73,0,2,251,Airline D,City Z,2024-01-08
274,15,0,5,195,Airline B,City X,2024-10-18
275,0,58,4,160,Airline A,City Z,2024-12-27
276,38,15,4,185,Airline C,City X,2024-09-09
277,24,102,1,213,Airline C,City W,2024-01-14
278,0,25,3,119,Airline B,City Z,2024-08-27
279,18,17,1,123,Airline A,City Y,2024-08-29
280,0,0,2,42,Airline C,City W,2024-12-07
281,20,15,3,490,Airline B,City X,2024-05-28
282,48,3,2,351,Airline B,City W,2024-08-23
283,94,38,5,322,Airline A,City X,2024-11-01
284,0,48,2,462,Airline D,City W,2024-06-15
285,121,0,5,259,Airline B,City X,2024-01-20
286,0,0,5,351,Airline D,City Z,2024-08-03
287,7,0,2,321,Airline D,City Y,2024-12-08
288,44,30,2,467,Airline C,City X,2024-05-14
289,29,0,5,55,Airline D,City W,2024-05-08
290,0,0,3,104,Airline A,City X,2024-10-20
291,4,25,5,485,Airline C,City X,2024-09-02
292,0,109,4,393,Airline C,City X,2024-07-07
293,0,9,5,453,Airline C,City W,2024-02-13
294,57,43,3,328,Airline B,City Y,2024-03-26
295,32,13,4,179,Airline B,City Z,2024-02-13
296,0,6,1,177,Airline D,City Y,2024-11-25
297,59,46,1,37,Airline C,City X,2024-05-24
298,30,0,3,58,Airline C,City W,2024-02-20
299,55,20,5,325,Airline A,City Y,2024-08-29
300,46,22,2,443,Airline D,City X,2024-10-20
301,0,0,3,238,Airline A,City Z,2024-02-20
302,0,49,4,157,Airline D,City Z,2024-09-22
303,52,3,4,369,Airline D,City Z,2024-04-29
304,45,0,1,145,Airline B,City X,2024-07-18
305,13,31,4,468,Airline B,City W,2024-09-04
306,20,0,3,173,Airline A,City Y,2024-03-10
307,78,11,4,459,Airline D,City Z,2024-12-06
308,0,9,3,347,Airline C,City X,2024-02-26
309,42,53,2,264,Airline B,City X,2024-02-08
310,4,28,1,36,Airline C,City Y,2024-10-15
311,4,8,4,493,Airline A,City Z,2024-01-18
312,69,42,3,74,Airline B,City X,2024-08-07
313,56,65,5,472,Airline B,City Y,2024-11-08
314,55,32,1,268,Airline D,City W,2024-08-31
315,80,10,2,469,Airline A,City W,2024-12-17
316,16,0,3,461,Airline D,City W,2024-10-30
317,49,0,2,184,Airline B,City Z,2024-10-24
318,0,0,2,210,Airline A,City Y,2024-10-09
319,31,0,4,244,Airline B,City Y,2024-03-14
320,8,2,4,117,Airline A,City X,2024-04-19
321,19,12,3,285,Airline B,City X,2024-06-28
322,44,31,5,102,Airline C,City X,2024-02-01
323,0,7,3,448,Airline C,City Y,2024-08-21
324,119,29,5,208,Airline D,City X,2024-10-08
325,0,12,2,241,Airline C,City Y,2024-01-25
326,0,0,1,322,Airline B,City Y,2024-11-26
327,72,0,3,263,Airline B,City W,2024-10-05
328,54,4,3,494,Airline C,City X,2024-08-13
329,46,0,5,268,Airline D,City W,2024-02-26
330,46,33,2,252,Airline C,City Z,2024-06-28
331,14,71,2,148,Airline A,City Z,2024-08-19
332,0,58,5,342,Airline A,City Z,2024-12-08
333,18,1,2,293,Airline A,City Y,2024-10-13
334,0,69,4,236,Airline C,City Y,2024-03-04
335,63,15,1,124,Airline C,City Y,2024-08-19
336,7,0,3,402,Airline C,City X,2024-10-15
337,0,0,1,251,Airline A,City W,2024-07-31
338,0,0,3,395,Airline D,City Y,2024-09-14
339,35,0,4,305,Airline B,City W,2024-01-18
340,0,16,2,409,Airline C,City W,2024-06-23
341,0,16,5,260,Airline D,City W,2024-08-16
342,27,10,4,338,Airline B,City X,2024-08-13
343,27,27,1,148,Airline B,City X,2024-03-24
344,0,57,5,297,Airline B,City Z,2024-10-17
345,0,47,2,462,Airline D,City Z,2024-09-02
346,26,0,4,302,Airline D,City W,2024-04-19
347,0,0,5,93,Airline A,City Z,2024-09-10
348,0,47,4,327,Airline D,City W,2024-03-28
349,0,0,4,379,Airline D,City X,2024-03-12
350,4,1,2,442,Airline D,City X,2024-01-30
351,30,0,3,432,Airline B,City X,2024-06-20
352,88,0,5,40,Airline C,City Y,2024-11-04
353,57,31,2,127,Airline A,City W,2024-12-08
354,7,40,4,463,Airline C,City X,2024-06-25
355,14,0,2,100,Airline C,City W,2024-05-18
356,0,0,3,393,Airline D,City Z,2024-07-12
357,14,0,5,87,Airline A,City Z,2024-07-04
358,0,25,3,319,Airline C,City X,2024-08-05
359,31,0,1,280,Airline C,City W,2024-06-12
360,0,17,5,305,Airline A,City X,2024-06-09
361,40,9,3,79,Airline D,City Z,2024-01-13
362,91,33,4,387,Airline C,City X,2024-10-22
363,9,14,5,245,Airline B,City W,2024-03-29
364,35,0,5,423,Airline C,City Z,2024-11-19
365,49,57,2,445,Airline B,City Y,2024-02-11
366,0,3,4,81,Airline D,City Z,2024-07-28
367,26,8,1,300,Airline C,City Y,2024-08-16
368,15,0,3,113,Airline A,City X,2024-12-15
369,19,0,2,416,Airline A,City X,2024-10-01
370,0,0,3,322,Airline C,City W,2024-10-05
371,16,3,1,155,Airline D,City Y,2024-09-07
372,39,78,1,325,Airline D,City X,2024-11-05
373,87,0,5,101,Airline A,City Y,2024-07-26
374,62,0,1,325,Airline C,City X,2024-11-16
375,122,68,3,265,Airline D,City Z,2024-05-19
376,0,1,4,85,Airline A,City X,2024-10-06
377,58,0,4,436,Airline B,City W,2024-02-03
378,24,51,5,389,Airline C,City Z,2024-11-04
379,124,0,3,424,Airline B,City W,2024-01-18
380,0,83,3,139,Airline B,City Z,2024-02-26
381,0,37,1,221,Airline D,City Y,2024-04-21
382,0,0,3,421,Airline D,City W,2024-01-05
383,0,96,2,122,Airline D,City X,2024-06-30
384,0,0,1,379,Airline C,City Y,2024-01-13
385,0,39,2,85,Airline B,City X,2024-12-04
386,22,21,5,89,Airline C,City Z,2024-10-11
387,32,62,4,167,Airline D,City Z,2024-09-15
388,108,72,5,68,Airline B,City X,2024-03-30
389,62,11,4,57,Airline C,City X,2024-04-13
390,0,0,5,78,Airline C,City Y,2024-07-04
391,0,28,3,449,Airline A,City X,2024-09-06
392,39,0,2,154,Airline C,City W,2024-09-11
393,0,90,4,42,Airline D,City W,2024-03-16
394,106,15,1,65,Airline C,City X,2024-04-17
395,73,0,2,130,Airline B,City W,2024-06-04
396,0,17,1,311,Airline C,City X,2024-03-22
397,0,0,2,115,Airline A,City Y,2024-03-17
398,82,0,2,33,Airline B,City W,2024-09-14
399,9,58,5,252,Airline B,City W,2024-05-06
400,76,0,4,367,Airline A,City X,2024-10-08
401,0,0,4,477,Airline D,City W,2024-03-28
402,0,31,2,195,Airline B,City Z,2024-07-22
403,15,57,3,412,Airline D,City Y,2024-01-16
404,17,38,3,373,Airline B,City Y,2024-05-30
405,0,49,1,412,Airline B,City W,2024-09-10
406,46,0,1,405,Airline D,City W,2024-07-06
407,0,0,5,307,Airline B,City Z,2024-11-24
408,7,70,2,159,Airline D,City Z,2024-02-01
409,21,0,1,60,Airline A,City W,2024-09-27
410,40,0,1,404,Airline D,City W,2024-01-05
411,50,63,2,40,Airline A,City Z,2024-11-25
412,0,32,5,331,Airline B,City X,2024-11-03
413,0,28,1,125,Airline D,City Z,2024-11-28
414,78,96,5,219,Airline B,City X,2024-06-17
415,31,0,4,482,Airline D,City Y,2024-06-29
416,0,47,5,221,Airline A,City Y,2024-06-26
417,92,12,3,295,Airline A,City Z,2024-05-22
418,20,20,3,453,Airline D,City X,2024-12-27
419,73,71,5,157,Airline A,City Z,2024-09-04
420,18,30,3,267,Airline B,City Z,2024-05-06
421,118,31,4,437,Airline B,City X,2024-09-19
422,102,52,2,384,Airline C,City Z,2024-02-09
423,2,0,3,457,Airline A,City Y,2024-12-20
424,63,0,3,141,Airline B,City W,2024-09-11
425,47,0,5,345,Airline D,City W,2024-05-22
426,83,0,4,475,Airline A,City Z,2024-08-27
427,0,92,2,372,Airline B,City X,2024-08-15
428,49,0,5,174,Airline A,City X,2024-12-06
429,67,1,5,94,Airline D,City Y,2024-07-16
430,0,0,4,276,Airline B,City X,2024-03-05
431,0,22,2,252,Airline C,City X,2024-01-11
432,0,42,4,342,Airline C,City Y,2024-04-17
433,1,44,2,468,Airline A,City Z,2024-01-26
434,50,0,4,135,Airline D,City W,2024-05-30
435,90,3,5,210,Airline B,City Y,2024-08-08
436,18,21,5,213,Airline D,City Z,2024-12-06
437,96,0,1,255,Airline B,City Y,2024-08-24
438,0,74,3,294,Airline A,City Z,2024-08-24
439,0,29,4,307,Airline B,City Y,2024-08-06
440,12,39,1,426,Airline D,City Z,2024-05-30
441,34,36,3,118,Airline D,City Y,2024-05-02
442,13,56,4,205,Airline A,City Z,2024-05-23
443,0,17,2,47,Airline D,City Y,2024-07-07
444,10,0,3,400,Airline B,City W,2024-09-11
445,0,25,5,489,Airline A,City W,2024-03-08
446,48,0,1,453,Airline B,City X,2024-04-13
447,33,0,3,430,Airline D,City Z,2024-12-01
448,0,33,3,428,Airline A,City Y,2024-06-07
449,0,59,5,135,Airline B,City Z,2024-11-04
450,0,10,4,300,Airline D,City W,2024-12-27
451,11,22,2,492,Airline D,City Z,2024-10-26
452,62,78,5,348,Airline C,City Y,2024-03-30
453,0,19,2,196,Airline D,City Z,2024-12-22
454,40,114,4,42,Airline B,City Y,2024-09-12
455,0,32,3,366,Airline A,City W,2024-12-18
456,0,0,2,61,Airline C,City W,2024-08-07
457,9,40,1,422,Airline D,City W,2024-01-09
458,0,25,1,69,Airline D,City X,2024-01-12
459,0,61,5,177,Airline D,City W,2024-11-20
460,0,36,4,247,Airline B,City Z,2024-08-31
461,113,4,5,248,Airline C,City X,2024-06-30
462,16,0,5,498,Airline B,City W,2024-10-10
463,0,1,5,111,Airline C,City Z,2024-11-07
464,25,0,1,362,Airline A,City Z,2024-04-08
465,9,0,1,237,Airline B,City Z,2024-07-15
466,3,33,5,230,Airline B,City Y,2024-08-13
467,45,76,1,476,Airline A,City X,2024-11-28
468,52,25,4,361,Airline C,City Z,2024-04-12
469,0,0,5,457,Airline D,City Y,2024-04-15
470,0,27,1,67,Airline A,City W,2024-12-30
471,1,57,2,240,Airline D,City Z,2024-02-27
472,0,0,5,473,Airline D,City Y,2024-03-18
473,0,4,5,356,Airline A,City Z,2024-03-15
474,83,10,4,278,Airline C,City X,2024-02-11
475,97,0,3,256,Airline D,City X,2024-11-19
476,2,35,3,77,Airline A,City W,2024-06-29
477,43,5,4,47,Airline B,City Z,2024-02-02
478,30,26,4,429,Airline B,City Y,2024-03-11
479,168,0,4,468,Airline B,City W,2024-02-25
480,70,0,3,324,Airline A,City Z,2024-04-14
481,8,38,4,225,Airline B,City W,2024-07-18
482,0,0,1,216,Airline D,City Y,2024-04-10
483,0,79,5,374,Airline B,City W,2024-09-12
484,25,0,5,253,Airline B,City W,2024-11-02
485,0,18,2,347,Airline D,City W,2024-03-14
486,0,47,2,426,Airline B,City Z,2024-06-19
487,0,0,5,394,Airline D,City Y,2024-05-22
488,0,0,1,366,Airline B,City X,2024-06-14
489,99,0,3,258,Airline D,City Z,2024-09-17
490,59,60,3,419,Airline B,City X,2024-08-08
491,14,0,1,496,Airline D,City X,2024-03-23
492,88,112,3,106,Airline A,City Z,2024-06-30
493,18,0,4,217,Airline D,City Z,2024-11-02
494,0,17,5,375,Airline B,City Y,2024-01-10
495,91,71,5,299,Airline B,City Y,2024-01-04
496,41,90,1,124,Airline C,City W,2024-12-16
497,0,92,3,339,Airline D,City X,2024-12-01
498,5,58,2,161,Airline A,City Y,2024-10-18
499,0,50,2,68,Airline D,City W,2024-10-07
500,0,33,3,101,Airline D,City Y,2024-08-02
501,61,41,2,310,Airline A,City Z,2024-04-07
502,110,0,1,362,Airline D,City Y,2024-04-10
503,0,0,1,189,Airline A,City X,2024-01-09
504,43,9,3,216,Airline A,City Y,2024-03-01
505,0,3,2,220,Airline D,City X,2024-11-04
506,0,0,1,451,Airline D,City Z,2024-05-25
507,0,37,1,149,Airline B,City X,2024-03-03
508,0,48,4,249,Airline B,City Y,2024-04-30
509,17,13,4,82,Airline C,City W,2024-08-13
510,0,69,1,251,Airline C,City Z,2024-04-14
511,28,0,3,480,Airline D,City Y,2024-09-16
512,12,2,5,441,Airline A,City Z,2024-12-14
513,3,0,5,160,Airline C,City Z,2024-09-11
514,0,0,1,266,Airline D,City Y,2024-07-25
515,0,6,1,275,Airline C,City Y,2024-01-28
516,52,5,1,255,Airline A,City W,2024-06-18
517,40,70,3,237,Airline D,City Z,2024-12-01
518,0,35,4,435,Airline A,City Z,2024-03-16
519,19,0,1,125,Airline D,City Y,2024-04-25
520,52,84,1,451,Airline C,City X,2024-03-09
521,0,58,2,229,Airline B,City Y,2024-12-19
522,42,33,3,276,Airline C,City Z,2024-08-21
523,0,0,1,101,Airline C,City Y,2024-01-01
524,43,0,2,347,Airline B,City W,2024-06-15
525,0,0,5,214,Airline B,City X,2024-12-17
526,0,53,1,35,Airline D,City Y,2024-08-05
527,0,85,1,235,Airline D,City W,2024-09-29
528,17,71,2,61,Airline A,City Z,2024-09-07
529,27,0,3,128,Airline A,City Y,2024-12-12
530,0,0,1,423,Airline C,City Z,2024-12-09
531,46,15,5,416,Airline B,City W,2024-06-22
532,0,0,1,285,Airline A,City Z,2024-06-18
533,11,22,5,216,Airline C,City W,2024-09-02
534,0,4,4,105,Airline B,City W,2024-03-30
535,0,0,4,206,Airline D,City W,2024-02-18
536,17,0,5,344,Airline C,City Y,2024-10-20
537,0,30,3,316,Airline D,City Z,2024-05-29
538,0,0,1,378,Airline A,City Z,2024-05-11
539,65,0,1,284,Airline A,City X,2024-02-28
540,0,0,4,354,Airline B,City X,2024-11-19
541,56,8,5,219,Airline C,City X,2024-07-17
542,0,80,1,337,Airline D,City X,2024-08-02
543,41,76,1,374,Airline B,City Z,2024-02-18
544,87,0,3,156,Airline A,City W,2024-08-19
545,0,0,2,454,Airline A,City W,2024-09-03
546,0,28,4,316,Airline C,City Y,2024-08-26
547,43,0,4,283,Airline D,City W,2024-06-16
548,4,22,2,242,Airline C,City Z,2024-02-17
549,33,40,1,279,Airline D,City Z,2024-02-20
550,0,59,3,113,Airline D,City Z,2024-10-25
551,19,5,3,412,Airline C,City Y,2024-04-07
552,7,1,4,435,Airline B,City X,2024-08-03
553,73,0,3,417,Airline C,City W,2024-06-25
554,27,0,2,42,Airline C,City Z,2024-03-20
555,31,0,1,74,Airline A,City Z,2024-07-03
556,0,24,2,156,Airline A,City X,2024-01-27
557,0,46,5,455,Airline C,City Z,2024-07-13
558,0,0,4,143,Airline C,City W,2024-08-01
559,34,69,3,462,Airline A,City Y,2024-12-07
560,0,0,5,305,Airline D,City Z,2024-04-23
561,29,9,3,234,Airline C,City W,2024-08-29
562,118,0,1,366,Airline B,City Z,2024-05-03
563,58,0,1,467,Airline B,City X,2024-10-31
564,0,45,1,449,Airline B,City Z,2024-03-16
565,75,39,3,414,Airline C,City Z,2024-11-06
566,0,0,5,428,Airline D,City Y,2024-11-07
567,0,12,1,490,Airline D,City X,2024-07-14
568,0,30,5,302,Airline A,City X,2024-12-16
569,0,0,3,437,Airline C,City Y,2024-02-13
570,0,0,5,87,Airline D,City Z,2024-07-04
571,15,41,3,357,Airline C,City W,2024-12-08
572,98,0,3,248,Airline A,City X,2024-09-02
573,31,21,4,138,Airline A,City X,2024-03-24
574,4,0,3,308,Airline A,City Z,2024-07-25
575,56,28,3,203,Airline B,City Z,2024-05-30
576,0,8,2,357,Airline C,City X,2024-06-04
577,26,0,1,293,Airline A,City Z,2024-01-16
578,53,56,4,344,Airline C,City W,2024-06-13
579,0,0,4,140,Airline B,City X,2024-05-24
580,72,0,4,216,Airline B,City W,2024-02-06
581,31,18,2,298,Airline A,City W,2024-11-28
582,0,55,3,452,Airline A,City Z,2024-02-14
583,46,0,1,258,Airline D,City W,2024-07-24
584,128,12,5,185,Airline C,City Z,2024-03-02
585,24,27,3,218,Airline A,City Y,2024-12-21
586,27,37,2,301,Airline D,City Z,2024-11-03
587,0,17,3,404,Airline C,City W,2024-01-19
588,0,0,3,31,Airline A,City Y,2024-12-30
589,56,0,2,275,Airline D,City Z,2024-10-26
590,0,13,4,239,Airline D,City W,2024-01-07
591,18,0,4,430,Airline C,City X,2024-09-05
592,0,0,1,315,Airline D,City X,2024-04-26
593,38,27,1,388,Airline C,City Z,2024-03-08
594,31,46,4,42,Airline C,City Z,2024-02-03
595,66,0,5,125,Airline C,City X,2024-07-12
596,0,0,3,250,Airline B,City W,2024-11-20
597,1,34,5,267,Airline D,City W,2024-02-24
598,0,92,3,123,Airline C,City W,2024-09-22
599,0,10,4,367,Airline A,City Z,2024-02-11
600,33,0,1,298,Airline B,City Y,2024-10-23
601,52,2,1,200,Airline B,City Y,2024-08-18
602,0,64,5,498,Airline D,City Y,2024-01-10
603,58,0,1,123,Airline C,City Y,2024-12-23
604,82,0,4,178,Airline D,City Y,2024-05-07
605,35,0,5,141,Airline B,City Z,2024-06-27
606,108,0,3,84,Airline C,City Z,2024-07-11
607,0,14,1,366,Airline A,City Y,2024-04-01
608,0,74,2,453,Airline C,City Z,2024-08-18
609,0,22,1,496,Airline B,City Z,2024-03-18
610,89,0,3,145,Airline A,City Y,2024-03-25
611,47,0,5,172,Airline C,City W,2024-01-30
612,12,0,3,230,Airline A,City Z,2024-07-31
613,28,45,2,209,Airline A,City W,2024-02-18
614,0,6,4,231,Airline B,City Z,2024-09-21
615,137,2,1,393,Airline A,City Z,2024-05-24
616,21,137,5,82,Airline D,City Y,2024-03-09
617,20,21,4,413,Airline B,City Z,2024-02-27
618,51,0,3,209,Airline D,City X,2024-07-03
619,39,0,5,443,Airline A,City X,2024-03-02
620,26,55,4,446,Airline D,City Y,2024-11-03
621,0,14,5,342,Airline C,City W,2024-10-22
622,38,0,2,337,Airline A,City W,2024-06-14
623,109,46,2,166,Airline C,City W,2024-06-19
624,82,0,1,211,Airline D,City X,2024-03-03
625,94,84,1,396,Airline C,City W,2024-05-26
626,0,53,2,30,Airline A,City W,2024-11-01
627,0,0,5,73,Airline C,City Y,2024-06-09
628,8,61,2,256,Airline D,City W,2024-05-20
629,17,12,1,360,Airline D,City X,2024-11-29
630,69,44,2,127,Airline D,City X,2024-04-06
631,0,29,2,237,Airline A,City X,2024-08-08
632,91,0,5,294,Airline D,City Y,2024-02-12
633,7,0,4,317,Airline A,City Y,2024-10-18
634,0,51,1,300,Airline C,City Z,2024-04-17
635,0,0,5,169,Airline D,City W,2024-09-22
636,0,0,2,266,Airline C,City Y,2024-04-04
637,56,0,2,491,Airline B,City X,2024-09-18
638,18,26,4,470,Airline C,City X,2024-11-08
639,0,92,1,421,Airline B,City Y,2024-03-11
640,0,0,1,101,Airline C,City Y,2024-08-06
641,0,10,3,184,Airline A,City Y,2024-01-21
642,98,66,1,219,Airline C,City Z,2024-04-01
643,2,6,4,297,Airline A,City X,2024-05-06
644,0,28,3,350,Airline A,City Z,2024-03-20
645,2,0,3,136,Airline D,City Z,2024-11-07
646,1,27,2,261,Airline A,City W,2024-08-25
647,0,2,2,71,Airline B,City X,2024-06-30
648,12,49,1,219,Airline D,City X,2024-01-25
649,3,57,3,400,Airline D,City Y,2024-06-04
650,49,113,2,168,Airline C,City Y,2024-01-05
651,107,33,4,132,Airline A,City W,2024-04-29
652,71,23,2,200,Airline A,City Z,2024-10-03
653,1,17,2,380,Airline B,City Y,2024-01-18
654,0,0,3,302,Airline C,City Y,2024-07-16
655,143,23,3,445,Airline C,City X,2024-02-26
656,17,0,5,250,Airline D,City X,2024-04-02
657,15,16,4,242,Airline D,City Y,2024-01-19
658,13,62,3,370,Airline D,City X,2024-12-18
659,24,0,1,453,Airline B,City W,2024-07-11
660,7,55,4,436,Airline B,City Y,2024-08-24
661,0,62,4,85,Airline D,City X,2024-10-03
662,0,5,3,419,Airline C,City W,2024-08-14
663,13,0,4,371,Airline B,City X,2024-08-20
664,0,0,3,463,Airline C,City X,2024-02-09
665,0,61,2,131,Airline C,City X,2024-11-18
666,20,9,5,450,Airline A,City Y,2024-06-01
667,2,0,2,221,Airline D,City Z,2024-05-06
668,90,0,3,339,Airline A,City X,2024-08-24
669,0,43,3,229,Airline D,City W,2024-02-24
670,69,31,2,262,Airline D,City Y,2024-06-20
671,77,0,1,462,Airline C,City Y,2024-04-18
672,0,0,1,256,Airline D,City W,2024-12-19
673,0,0,1,400,Airline C,City X,2024-07-02
674,0,0,3,168,Airline C,City Z,2024-07-16
675,0,74,4,373,Airline D,City X,2024-03-27
676,0,0,3,334,Airline C,City W,2024-07-19
677,0,58,4,178,Airline C,City Y,2024-12-02
678,102,70,2,144,Airline C,City Z,2024-11-17
679,61,49,5,479,Airline B,City Y,2024-10-01
680,78,0,4,92,Airline C,City W,2024-07-29
681,51,26,1,133,Airline B,City X,2024-04-27
682,0,9,3,368,Airline B,City Z,2024-07-09
683,0,0,2,388,Airline C,City Y,2024-02-11
684,39,22,1,185,Airline C,City Y,2024-02-11
685,0,0,2,302,Airline B,City Y,2024-11-10
686,50,57,5,35,Airline B,City X,2024-10-02
687,2,0,3,176,Airline C,City Z,2024-11-24
688,0,18,3,213,Airline C,City X,2024-01-17
689,50,21,5,57,Airline D,City X,2024-10-09
690,37,0,3,479,Airline B,City X,2024-09-14
691,0,33,4,67,Airline B,City W,2024-03-03
692,72,0,2,148,Airline D,City W,2024-03-02
693,0,44,1,322,Airline B,City W,2024-04-09
694,45,0,5,400,Airline A,City Z,2024-01-19
695,44,15,4,273,Airline B,City X,2024-01-17
696,0,87,1,97,Airline D,City X,2024-11-20
697,31,0,1,243,Airline A,City W,2024-09-02
698,0,0,5,247,Airline C,City X,2024-09-07
699,61,30,4,206,Airline D,City X,2024-03-21
700,5,17,1,328,Airline D,City Y,2024-02-08
701,0,24,1,193,Airline C,City X,2024-02-05
702,67,29,4,87,Airline D,City Y,2024-07-15
703,0,35,3,298,Airline B,City X,2024-06-06
704,0,54,1,337,Airline C,City Z,2024-07-22
705,0,26,2,87,Airline D,City W,2024-07-14
706,45,0,4,317,Airline C,City Y,2024-08-03
707,0,36,1,494,Airline C,City W,2024-10-11
708,102,85,5,134,Airline C,City Y,2024-07-14
709,0,4,2,257,Airline A,City Y,2024-11-02
710,99,0,1,276,Airline D,City Y,2024-05-31
711,25,54,2,217,Airline A,City Z,2024-01-14
712,10,5,2,112,Airline D,City X,2024-11-20
713,0,0,3,215,Airline B,City Y,2024-05-25
714,34,43,2,281,Airline B,City Z,2024-02-26
715,13,0,3,384,Airline B,City Y,2024-07-29
716,70,6,4,267,Airline D,City X,2024-09-24
717,20,23,3,389,Airline C,City Y,2024-07-28
718,22,17,5,213,Airline C,City Z,2024-01-17
719,0,38,1,313,Airline A,City X,2024-10-12
720,12,0,4,414,Airline A,City Z,2024-12-09
721,30,30,4,455,Airline B,City X,2024-07-21
722,0,0,5,239,Airline A,City X,2024-04-08
723,0,39,3,333,Airline D,City W,2024-10-05
724,52,34,1,325,Airline D,City W,2024-07-27
725,23,0,3,126,Airline A,City W,2024-05-08
726,5,53,2,476,Airline A,City X,2024-11-30
727,15,0,3,489,Airline A,City Y,2024-10-14
728,32,42,4,485,Airline A,City Z,2024-09-08
729,0,24,1,237,Airline B,City Z,2024-09-21
730,0,83,3,399,Airline B,City Z,2024-09-27
731,24,1,1,417,Airline A,City W,2024-07-06
732,0,0,1,451,Airline D,City X,2024-08-01
733,35,9,2,440,Airline B,City W,2024-10-09
734,0,0,2,166,Airline D,City Y,2024-07-29
735,66,41,4,396,Airline C,City X,2024-12-30
736,38,0,5,429,Airline D,City Z,2024-03-16
737,27,0,1,213,Airline A,City W,2024-05-27
738,64,0,5,105,Airline C,City W,2024-11-16
739,98,48,4,316,Airline B,City Y,2024-07-31
740,65,78,1,404,Airline B,City Y,2024-04-18
741,0,5,1,171,Airline C,City W,2024-05-08
742,0,3,5,266,Airline D,City Y,2024-01-10
743,0,12,3,54,Airline B,City Z,2024-02-16
744,16,56,2,319,Airline A,City Y,2024-11-10
745,40,0,3,96,Airline C,City Y,2024-04-05
746,0,19,5,279,Airline A,City W,2024-04-12
747,24,49,2,437,Airline C,City W,2024-12-07
748,0,30,3,147,Airline B,City X,2024-05-25
749,0,17,2,102,Airline D,City X,2024-01-27
750,0,50,1,311,Airline C,City W,2024-08-07
751,0,0,3,433,Airline C,City Y,2024-01-18
752,0,37,2,477,Airline A,City Y,2024-06-15
753,0,0,2,389,Airline B,City X,2024-03-22
754,67,0,2,39,Airline A,City X,2024-03-12
755,0,30,3,240,Airline B,City X,2024-11-05
756,146,64,4,352,Airline A,City Z,2024-09-10
757,39,4,3,181,Airline C,City Z,2024-06-10
758,24,48,5,34,Airline A,City X,2024-11-22
759,0,74,3,224,Airline D,City Y,2024-02-07
760,50,62,2,471,Airline B,City X,2024-07-19
761,0,75,1,312,Airline B,City Z,2024-07-18
762,21,39,3,493,Airline C,City Y,2024-09-11
763,143,13,3,142,Airline B,City Z,2024-06-27
764,10,0,2,300,Airline D,City Y,2024-02-04
765,72,0,1,192,Airline A,City Z,2024-03-22
766,0,0,1,489,Airline C,City Y,2024-08-07
767,13,96,5,134,Airline D,City Y,2024-06-06
768,103,2,3,210,Airline B,City Y,2024-01-04
769,0,14,1,73,Airline B,City Y,2024-06-15
770,105,32,1,311,Airline D,City W,2024-07-22
771,50,11,4,204,Airline A,City Z,2024-07-12
772,0,77,4,191,Airline A,City Z,2024-08-22
773,46,0,1,380,Airline C,City W,2024-07-24
774,63,17,5,463,Airline B,City Y,2024-05-29
775,46,0,1,369,Airline D,City Y,2024-06-07
776,0,0,2,169,Airline A,City Z,2024-10-05
777,0,0,3,161,Airline C,City W,2024-10-30
778,2,8,5,116,Airline B,City Y,2024-06-14
779,11,0,2,205,Airline B,City Y,2024-11-06
780,46,0,5,212,Airline C,City Y,2024-03-08
781,23,0,2,397,Airline C,City X,2024-03-28
782,0,6,3,158,Airline A,City W,2024-08-04
783,34,0,3,275,Airline D,City Y,2024-01-01
784,45,40,4,118,Airline B,City X,2024-05-14
785,42,13,2,95,Airline D,City W,2024-07-03
786,69,0,4,187,Airline B,City Y,2024-12-16
787,56,0,2,416,Airline B,City Z,2024-05-19
788,37,0,4,407,Airline D,City X,2024-04-15
789,11,22,3,178,Airline C,City X,2024-05-12
790,0,63,5,369,Airline A,City Y,2024-04-17
791,36,0,4,462,Airline B,City Y,2024-06-26
792,25,14,2,145,Airline C,City X,2024-10-24
793,28,3,2,243,Airline B,City Z,2024-12-23
794,0,36,3,498,Airline A,City Z,2024-12-24
795,0,18,2,475,Airline B,City W,2024-05-25
796,67,0,1,401,Airline A,City Y,2024-03-14
797,13,0,5,323,Airline A,City Z,2024-04-17
798,49,0,4,282,Airline B,City W,2024-05-01
799,16,53,5,172,Airline B,City Z,2024-01-17
800,16,10,3,279,Airline A,City Y,2024-07-14
801,61,86,4,395,Airline C,City W,2024-11-22
802,0,7,4,465,Airline D,City W,2024-11-13
803,19,0,1,492,Airline A,City W,2024-10-23
804,0,0,3,331,Airline B,City Z,2024-09-08
805,0,0,2,54,Airline B,City Y,2024-04-28
806,0,0,1,306,Airline C,City W,2024-06-10
807,26,20,1,406,Airline D,City X,2024-07-16
808,0,30,5,407,Airline A,City Y,2024-02-14
809,77,0,5,418,Airline A,City X,2024-11-09
810,0,45,5,99,Airline D,City X,2024-06-27
811,5,0,1,142,Airline A,City W,2024-02-13
812,0,15,2,392,Airline D,City W,2024-09-27
813,87,74,4,141,Airline B,City Z,2024-03-18
814,24,45,5,393,Airline D,City Z,2024-11-21
815,66,0,2,332,Airline A,City Z,2024-06-26
816,0,0,3,481,Airline D,City Y,2024-12-22
817,28,0,5,120,Airline C,City Z,2024-01-03
818,59,0,4,47,Airline B,City X,2024-08-01
819,19,1,3,178,Airline B,City Z,2024-12-07
820,68,0,3,256,Airline D,City W,2024-03-14
821,0,4,4,243,Airline A,City Z,2024-02-20
822,85,13,5,389,Airline C,City Y,2024-03-07
823,129,1,1,180,Airline B,City Y,2024-11-27
824,0,0,4,221,Airline B,City X,2024-04-02
825,0,16,4,480,Airline A,City Y,2024-06-24
826,87,27,4,69,Airline A,City Z,2024-05-24
827,93,0,3,271,Airline C,City W,2024-01-07
828,0,66,2,167,Airline D,City Y,2024-09-25
829,0,6,1,374,Airline A,City X,2024-11-17
830,0,10,5,209,Airline D,City Z,2024-01-04
831,0,38,5,229,Airline C,City X,2024-05-17
832,0,19,2,232,Airline D,City Y,2024-08-18
833,0,48,4,90,Airline B,City Y,2024-03-28
834,0,21,1,221,Airline D,City X,2024-01-17
835,13,0,5,34,Airline C,City Z,2024-02-21
836,26,24,5,407,Airline C,City Y,2024-05-13
837,92,0,4,266,Airline C,City W,2024-07-29
838,0,14,2,210,Airline D,City Y,2024-11-20
839,64,8,1,340,Airline B,City Z,2024-08-06
840,4,1,2,66,Airline A,City Y,2024-07-23
841,12,4,2,85,Airline B,City X,2024-07-29
842,48,0,1,472,Airline D,City Y,2024-10-03
843,0,0,1,266,Airline D,City Y,2024-01-24
844,34,13,5,387,Airline A,City Z,2024-01-04
845,23,16,5,378,Airline D,City X,2024-05-31
846,39,0,1,226,Airline C,City Z,2024-09-15
847,29,60,3,102,Airline C,City Y,2024-11-19
848,137,0,5,88,Airline C,City W,2024-12-22
849,0,48,3,269,Airline C,City Y,2024-06-16
850,0,27,1,31,Airline C,City Z,2024-06-24
851,0,0,5,478,Airline D,City W,2024-11-05
852,0,81,2,389,Airline A,City Z,2024-10-17
853,0,0,1,217,Airline A,City Z,2024-02-25
854,74,46,4,336,Airline C,City X,2024-04-17
855,86,50,3,59,Airline D,City W,2024-10-22
856,0,0,1,296,Airline B,City Y,2024-11-19
857,0,65,1,137,Airline B,City Z,2024-10-28
858,38,0,5,361,Airline D,City Y,2024-11-29
859,0,21,5,452,Airline C,City X,2024-05-20
860,46,20,5,119,Airline A,City X,2024-06-03
861,25,4,4,234,Airline D,City W,2024-09-18
862,0,42,5,408,Airline B,City X,2024-09-29
863,92,41,1,485,Airline B,City X,2024-08-19
864,104,0,5,476,Airline B,City Y,2024-08-28
865,0,62,2,477,Airline C,City X,2024-12-20
866,0,0,5,474,Airline B,City X,2024-12-02
867,29,51,4,410,Airline D,City Z,2024-09-14
868,31,55,2,467,Airline D,City X,2024-09-05
869,47,0,1,249,Airline B,City Z,2024-03-17
870,115,0,1,407,Airline D,City X,2024-06-28
871,6,0,3,123,Airline B,City X,2024-03-06
872,0,1,2,486,Airline B,City W,2024-11-03
873,0,0,3,132,Airline A,City W,2024-12-13
874,0,41,2,252,Airline C,City Z,2024-06-19
875,13,62,2,215,Airline C,City X,2024-01-22
876,104,65,4,498,Airline A,City Y,2024-04-16
877,0,0,3,213,Airline A,City W,2024-11-18
878,26,1,4,191,Airline C,City Y,2024-08-14
879,14,0,2,276,Airline B,City W,2024-08-03
880,74,0,1,60,Airline B,City W,2024-03-09
881,141,48,2,81,Airline C,City X,2024-03-24
882,0,74,4,374,Airline B,City W,2024-04-12
883,0,0,3,105,Airline A,City Y,2024-02-08
884,67,0,3,414,Airline B,City W,2024-01-13
885,49,8,4,468,Airline B,City Z,2024-10-23
886,107,21,3,307,Airline D,City X,2024-11-08
887,44,0,5,69,Airline D,City X,2024-06-29
888,0,26,1,130,Airline D,City Z,2024-09-24
889,44,0,1,140,Airline B,City Z,2024-01-13
890,70,9,1,414,Airline C,City Z,2024-04-29
891,56,31,3,350,Airline A,City W,2024-12-18
892,40,10,3,278,Airline B,City X,2024-02-26
893,68,0,2,220,Airline C,City Z,2024-02-09
894,73,5,2,211,Airline B,City W,2024-12-01
895,84,6,1,455,Airline A,City Z,2024-05-07
896,47,0,5,434,Airline B,City Y,2024-06-21
897,6,0,2,364,Airline A,City Y,2024-02-04
898,22,73,2,238,Airline B,City X,2024-09-15
899,75,32,3,51,Airline A,City W,2024-01-05
900,0,0,5,195,Airline B,City Y,2024-08-05
901,33,37,1,128,Airline A,City Y,2024-01-11
902,0,0,2,237,Airline D,City W,2024-11-22
903,16,56,5,37,Airline B,City Z,2024-04-26
904,78,24,5,219,Airline B,City W,2024-07-02
905,24,5,1,204,Airline C,City Z,2024-12-27
906,17,27,5,302,Airline C,City Y,2024-04-25
907,0,0,5,46,Airline A,City Y,2024-06-10
908,52,0,5,119,Airline B,City Y,2024-03-07
909,47,0,2,170,Airline A,City X,2024-07-18
910,123,15,1,174,Airline D,City X,2024-01-31
911,0,79,5,195,Airline C,City X,2024-03-15
912,25,99,5,366,Airline A,City W,2024-08-24
913,27,35,2,107,Airline A,City Y,2024-11-22
914,93,30,1,458,Airline C,City Y,2024-03-06
915,10,0,3,291,Airline B,City W,2024-03-10
916,28,0,2,192,Airline A,City X,2024-10-23
917,45,0,1,395,Airline C,City W,2024-01-20
918,24,0,5,43,Airline B,City X,2024-08-13
919,0,3,1,268,Airline D,City Y,2024-07-17
920,24,0,1,101,Airline C,City Z,2024-02-08
921,68,0,1,474,Airline A,City X,2024-05-24
922,0,39,3,172,Airline D,City Y,2024-02-14
923,21,0,1,339,Airline B,City Y,2024-11-21
924,0,19,3,312,Airline B,City Z,2024-03-31
925,74,92,5,298,Airline C,City Y,2024-08-25
926,0,0,3,270,Airline C,City Y,2024-03-10
927,0,0,5,444,Airline C,City X,2024-06-14
928,33,0,5,274,Airline B,City X,2024-05-09
929,93,54,3,192,Airline D,City Z,2024-08-01
930,11,88,2,89,Airline B,City Z,2024-12-05
931,0,0,4,35,Airline A,City Y,2024-03-29
932,109,29,1,226,Airline B,City X,2024-11-30
933,0,0,4,499,Airline A,City Z,2024-09-08
934,0,5,1,87,Airline D,City Z,2024-12-14
935,37,115,1,334,Airline C,City W,2024-03-12
936,0,0,5,436,Airline C,City Z,2024-06-13
937,0,20,1,246,Airline B,City Y,2024-02-18
938,50,28,1,447,Airline C,City X,2024-02-21
939,27,53,3,55,Airline D,City Z,2024-10-15
940,0,13,4,332,Airline C,City W,2024-10-04
941,0,22,3,34,Airline B,City X,2024-04-23
942,58,0,1,49,Airline D,City Z,2024-08-26
943,47,20,5,419,Airline A,City W,2024-05-12
944,10,0,3,227,Airline B,City Z,2024-09-30
945,107,34,3,88,Airline A,City X,2024-06-14
946,0,0,2,477,Airline D,City X,2024-10-19
947,0,25,1,271,Airline B,City X,2024-08-30
948,0,8,5,175,Airline B,City Y,2024-11-15
949,12,55,3,417,Airline D,City Z,2024-05-17
950,27,7,3,302,Airline C,City Y,2024-03-19
951,2,0,5,278,Airline B,City X,2024-06-18
952,32,60,1,43,Airline B,City W,2024-05-02
953,0,0,2,491,Airline A,City Z,2024-06-24
954,87,0,3,42,Airline C,City Y,2024-10-26
955,10,0,2,420,Airline A,City Z,2024-03-22
956,70,64,4,413,Airline A,City W,2024-03-27
957,32,0,1,73,Airline C,City Y,2024-08-12
958,37,135,4,404,Airline C,City X,2024-01-16
959,43,52,4,428,Airline D,City Y,2024-11-05
960,37,18,4,48,Airline C,City Z,2024-12-23
961,47,7,1,92,Airline B,City Z,2024-06-11
962,81,21,1,268,Airline C,City Z,2024-04-07
963,24,30,5,448,Airline D,City Z,2024-06-04
964,50,35,2,366,Airline D,City X,2024-01-02
965,10,32,2,448,Airline D,City Y,2024-12-15
966,87,13,5,432,Airline C,City X,2024-06-17
967,0,2,5,433,Airline C,City X,2024-11-10
968,105,3,4,129,Airline A,City X,2024-11-20
969,12,2,5,192,Airline A,City Z,2024-04-01
970,0,55,3,445,Airline B,City Z,2024-06-29
971,21,33,2,151,Airline A,City Z,2024-08-18
972,0,0,5,461,Airline B,City Y,2024-10-27
973,57,36,3,73,Airline D,City W,2024-05-27
974,0,17,3,389,Airline A,City Z,2024-10-06
975,0,9,3,437,Airline C,City Y,2024-07-07
976,0,0,3,346,Airline A,City Z,2024-12-12
977,0,54,4,410,Airline B,City Z,2024-12-15
978,0,47,3,174,Airline A,City X,2024-11-09
979,0,0,4,356,Airline D,City X,2024-05-07
980,53,26,4,392,Airline C,City X,2024-01-07
981,54,0,3,79,Airline B,City Y,2024-02-16
982,36,0,2,94,Airline C,City W,2024-02-22
983,0,0,3,384,Airline C,City W,2024-07-05
984,12,44,3,317,Airline B,City Y,2024-02-07
985,14,48,3,193,Airline C,City Z,2024-08-13
986,0,30,2,170,Airline C,City Y,2024-02-22
987,90,39,1,483,Airline A,City Z,2024-08-11
988,58,30,1,343,Airline C,City Y,2024-06-02
989,3,0,4,157,Airline C,City Y,2024-02-17
990,16,27,4,427,Airline C,City Y,2024-12-16
991,25,42,2,450,Airline C,City W,2024-05-26
992,0,40,5,397,Airline B,City X,2024-03-04
993,2,57,1,492,Airline D,City Y,2024-12-14
994,0,38,4,268,Airline A,City W,2024-06-30
995,0,24,1,353,Airline C,City X,2024-05-04
996,0,52,2,325,Airline C,City X,2024-06-27
997,104,8,2,216,Airline B,City Y,2024-02-08
998,47,0,5,237,Airline D,City Z,2024-09-16
999,0,3,5,249,Airline C,City Z,2024-01-03
1000,43,0,2,429,Airline B,City Z,2024-03-04
